Type Object,Average Score (%)
attack-pattern,83.72955904052615
report,65.43747793135564
identity,56.38386079069309
malware,53.126090934846765
relationship,38.294367124536834
indicator,35.92142188961646
marking-definition,0.0
