Type Object,Average Score (%)
attack-pattern,73.62559697252058
report,63.59777633553539
identity,61.756865425596075
malware,57.20712784225326
relationship,38.25282805142483
indicator,34.973678187228195
marking-definition,0.0
