Type Object,Average Score (%)
attack-pattern,74.62529279455934
report,64.11839123922994
identity,56.35564458545825
malware,54.30575006588369
relationship,37.9444527243822
indicator,35.03318395825061
marking-definition,0.0
