Type Object,Average Score (%)
identity,66.24741200828157
malware,64.95514785061853
attack-pattern,63.091358023217516
report,62.051453903130394
indicator,41.89753320683112
relationship,39.223864612699074
marking-definition,0.0
