Type Object,Average Score (%)
identity,69.89285714285714
attack-pattern,66.44515321007246
malware,63.64170977135084
report,61.284158739412234
indicator,44.137931034482754
relationship,40.09572622937496
marking-definition,0.0
