Type Object,Average Score (%)
attack-pattern,83.60492257327377
report,65.61466090033495
malware,61.18150593053105
identity,45.78124340884568
relationship,38.627097755011306
indicator,36.64927744798225
marking-definition,0.0
