Type Object,Average Score (%)
attack-pattern,77.33727654089215
report,65.00124652868834
malware,59.437883209526085
identity,48.89126195377344
relationship,38.06891039542116
indicator,35.85434173669467
marking-definition,0.0
