Type Object,Average Score (%)
identity,64.78571428571428
malware,59.15347108945941
report,58.64243310713825
attack-pattern,46.40501887299935
indicator,35.10215274921157
relationship,33.52583730267461
marking-definition,0.0
