Type Object,Average Score (%)
attack-pattern,83.86545335756237
report,65.59785304311666
identity,55.63559016511644
malware,54.61709747200479
relationship,38.32277536894074
indicator,35.98615916955017
marking-definition,0.0
