Type Object,Average Score (%)
malware,62.66349386832996
identity,62.03504043126684
report,57.03571578932847
attack-pattern,51.42317427935452
indicator,34.245777518928364
relationship,32.78562108324352
marking-definition,0.0
